3000	3100
-0.04	0	1
-0.04	0	4
-0.04	0	7
-0.04	1	2
-0.04	1	3
-0.04	4	5
-0.04	4	6
-0.04	7	8
-0.04	7	9
-0.04	10	11
-0.04	10	14
-0.04	10	17
-0.04	11	12
-0.04	11	13
-0.04	14	15
-0.04	14	16
-0.04	17	18
-0.04	17	19
-0.04	20	21
-0.04	20	24
-0.04	20	27
-0.04	21	22
-0.04	21	23
-0.04	24	25
-0.04	24	26
-0.04	27	28
-0.04	27	29
-0.04	30	31
-0.04	30	34
-0.04	30	37
-0.04	31	32
-0.04	31	33
-0.04	34	35
-0.04	34	36
-0.04	37	38
-0.04	37	39
-0.04	40	41
-0.04	40	44
-0.04	40	47
-0.04	41	42
-0.04	41	43
-0.04	44	45
-0.04	44	46
-0.04	47	48
-0.04	47	49
-0.04	50	51
-0.04	50	54
-0.04	50	57
-0.04	51	52
-0.04	51	53
-0.04	54	55
-0.04	54	56
-0.04	57	58
-0.04	57	59
-0.04	60	61
-0.04	60	64
-0.04	60	67
-0.04	61	62
-0.04	61	63
-0.04	64	65
-0.04	64	66
-0.04	67	68
-0.04	67	69
-0.04	70	71
-0.04	70	74
-0.04	70	77
-0.04	71	72
-0.04	71	73
-0.04	74	75
-0.04	74	76
-0.04	77	78
-0.04	77	79
-0.04	80	81
-0.04	80	84
-0.04	80	87
-0.04	81	82
-0.04	81	83
-0.04	84	85
-0.04	84	86
-0.04	87	88
-0.04	87	89
-0.04	90	91
-0.04	90	94
-0.04	90	97
-0.04	91	92
-0.04	91	93
-0.04	94	95
-0.04	94	96
-0.04	97	98
-0.04	97	99
-0.04	100	101
-0.04	100	104
-0.04	100	107
-0.04	101	102
-0.04	101	103
-0.04	104	105
-0.04	104	106
-0.04	107	108
-0.04	107	109
-0.04	110	111
-0.04	110	114
-0.04	110	117
-0.04	111	112
-0.04	111	113
-0.04	114	115
-0.04	114	116
-0.04	117	118
-0.04	117	119
-0.04	120	121
-0.04	120	124
-0.04	120	127
-0.04	121	122
-0.04	121	123
-0.04	124	125
-0.04	124	126
-0.04	127	128
-0.04	127	129
-0.04	130	131
-0.04	130	134
-0.04	130	137
-0.04	131	132
-0.04	131	133
-0.04	134	135
-0.04	134	136
-0.04	137	138
-0.04	137	139
-0.04	140	141
-0.04	140	144
-0.04	140	147
-0.04	141	142
-0.04	141	143
-0.04	144	145
-0.04	144	146
-0.04	147	148
-0.04	147	149
-0.04	150	151
-0.04	150	154
-0.04	150	157
-0.04	151	152
-0.04	151	153
-0.04	154	155
-0.04	154	156
-0.04	157	158
-0.04	157	159
-0.04	160	161
-0.04	160	164
-0.04	160	167
-0.04	161	162
-0.04	161	163
-0.04	164	165
-0.04	164	166
-0.04	167	168
-0.04	167	169
-0.04	170	171
-0.04	170	174
-0.04	170	177
-0.04	171	172
-0.04	171	173
-0.04	174	175
-0.04	174	176
-0.04	177	178
-0.04	177	179
-0.04	180	181
-0.04	180	184
-0.04	180	187
-0.04	181	182
-0.04	181	183
-0.04	184	185
-0.04	184	186
-0.04	187	188
-0.04	187	189
-0.04	190	191
-0.04	190	194
-0.04	190	197
-0.04	191	192
-0.04	191	193
-0.04	194	195
-0.04	194	196
-0.04	197	198
-0.04	197	199
-0.04	200	201
-0.04	200	204
-0.04	200	207
-0.04	201	202
-0.04	201	203
-0.04	204	205
-0.04	204	206
-0.04	207	208
-0.04	207	209
-0.04	210	211
-0.04	210	214
-0.04	210	217
-0.04	211	212
-0.04	211	213
-0.04	214	215
-0.04	214	216
-0.04	217	218
-0.04	217	219
-0.04	220	221
-0.04	220	224
-0.04	220	227
-0.04	221	222
-0.04	221	223
-0.04	224	225
-0.04	224	226
-0.04	227	228
-0.04	227	229
-0.04	230	231
-0.04	230	234
-0.04	230	237
-0.04	231	232
-0.04	231	233
-0.04	234	235
-0.04	234	236
-0.04	237	238
-0.04	237	239
-0.04	240	241
-0.04	240	244
-0.04	240	247
-0.04	241	242
-0.04	241	243
-0.04	244	245
-0.04	244	246
-0.04	247	248
-0.04	247	249
-0.04	250	251
-0.04	250	254
-0.04	250	257
-0.04	251	252
-0.04	251	253
-0.04	254	255
-0.04	254	256
-0.04	257	258
-0.04	257	259
-0.04	260	261
-0.04	260	264
-0.04	260	267
-0.04	261	262
-0.04	261	263
-0.04	264	265
-0.04	264	266
-0.04	267	268
-0.04	267	269
-0.04	270	271
-0.04	270	274
-0.04	270	277
-0.04	271	272
-0.04	271	273
-0.04	274	275
-0.04	274	276
-0.04	277	278
-0.04	277	279
-0.04	280	281
-0.04	280	284
-0.04	280	287
-0.04	281	282
-0.04	281	283
-0.04	284	285
-0.04	284	286
-0.04	287	288
-0.04	287	289
-0.04	290	291
-0.04	290	294
-0.04	290	297
-0.04	291	292
-0.04	291	293
-0.04	294	295
-0.04	294	296
-0.04	297	298
-0.04	297	299
-0.04	300	301
-0.04	300	304
-0.04	300	307
-0.04	301	302
-0.04	301	303
-0.04	304	305
-0.04	304	306
-0.04	307	308
-0.04	307	309
-0.04	310	311
-0.04	310	314
-0.04	310	317
-0.04	311	312
-0.04	311	313
-0.04	314	315
-0.04	314	316
-0.04	317	318
-0.04	317	319
-0.04	320	321
-0.04	320	324
-0.04	320	327
-0.04	321	322
-0.04	321	323
-0.04	324	325
-0.04	324	326
-0.04	327	328
-0.04	327	329
-0.04	330	331
-0.04	330	334
-0.04	330	337
-0.04	331	332
-0.04	331	333
-0.04	334	335
-0.04	334	336
-0.04	337	338
-0.04	337	339
-0.04	340	341
-0.04	340	344
-0.04	340	347
-0.04	341	342
-0.04	341	343
-0.04	344	345
-0.04	344	346
-0.04	347	348
-0.04	347	349
-0.04	350	351
-0.04	350	354
-0.04	350	357
-0.04	351	352
-0.04	351	353
-0.04	354	355
-0.04	354	356
-0.04	357	358
-0.04	357	359
-0.04	360	361
-0.04	360	364
-0.04	360	367
-0.04	361	362
-0.04	361	363
-0.04	364	365
-0.04	364	366
-0.04	367	368
-0.04	367	369
-0.04	370	371
-0.04	370	374
-0.04	370	377
-0.04	371	372
-0.04	371	373
-0.04	374	375
-0.04	374	376
-0.04	377	378
-0.04	377	379
-0.04	380	381
-0.04	380	384
-0.04	380	387
-0.04	381	382
-0.04	381	383
-0.04	384	385
-0.04	384	386
-0.04	387	388
-0.04	387	389
-0.04	390	391
-0.04	390	394
-0.04	390	397
-0.04	391	392
-0.04	391	393
-0.04	394	395
-0.04	394	396
-0.04	397	398
-0.04	397	399
-0.04	400	401
-0.04	400	404
-0.04	400	407
-0.04	401	402
-0.04	401	403
-0.04	404	405
-0.04	404	406
-0.04	407	408
-0.04	407	409
-0.04	410	411
-0.04	410	414
-0.04	410	417
-0.04	411	412
-0.04	411	413
-0.04	414	415
-0.04	414	416
-0.04	417	418
-0.04	417	419
-0.04	420	421
-0.04	420	424
-0.04	420	427
-0.04	421	422
-0.04	421	423
-0.04	424	425
-0.04	424	426
-0.04	427	428
-0.04	427	429
-0.04	430	431
-0.04	430	434
-0.04	430	437
-0.04	431	432
-0.04	431	433
-0.04	434	435
-0.04	434	436
-0.04	437	438
-0.04	437	439
-0.04	440	441
-0.04	440	444
-0.04	440	447
-0.04	441	442
-0.04	441	443
-0.04	444	445
-0.04	444	446
-0.04	447	448
-0.04	447	449
-0.04	450	451
-0.04	450	454
-0.04	450	457
-0.04	451	452
-0.04	451	453
-0.04	454	455
-0.04	454	456
-0.04	457	458
-0.04	457	459
-0.04	460	461
-0.04	460	464
-0.04	460	467
-0.04	461	462
-0.04	461	463
-0.04	464	465
-0.04	464	466
-0.04	467	468
-0.04	467	469
-0.04	470	471
-0.04	470	474
-0.04	470	477
-0.04	471	472
-0.04	471	473
-0.04	474	475
-0.04	474	476
-0.04	477	478
-0.04	477	479
-0.04	480	481
-0.04	480	484
-0.04	480	487
-0.04	481	482
-0.04	481	483
-0.04	484	485
-0.04	484	486
-0.04	487	488
-0.04	487	489
-0.04	490	491
-0.04	490	494
-0.04	490	497
-0.04	491	492
-0.04	491	493
-0.04	494	495
-0.04	494	496
-0.04	497	498
-0.04	497	499
-0.04	500	501
-0.04	500	504
-0.04	500	507
-0.04	501	502
-0.04	501	503
-0.04	504	505
-0.04	504	506
-0.04	507	508
-0.04	507	509
-0.04	510	511
-0.04	510	514
-0.04	510	517
-0.04	511	512
-0.04	511	513
-0.04	514	515
-0.04	514	516
-0.04	517	518
-0.04	517	519
-0.04	520	521
-0.04	520	524
-0.04	520	527
-0.04	521	522
-0.04	521	523
-0.04	524	525
-0.04	524	526
-0.04	527	528
-0.04	527	529
-0.04	530	531
-0.04	530	534
-0.04	530	537
-0.04	531	532
-0.04	531	533
-0.04	534	535
-0.04	534	536
-0.04	537	538
-0.04	537	539
-0.04	540	541
-0.04	540	544
-0.04	540	547
-0.04	541	542
-0.04	541	543
-0.04	544	545
-0.04	544	546
-0.04	547	548
-0.04	547	549
-0.04	550	551
-0.04	550	554
-0.04	550	557
-0.04	551	552
-0.04	551	553
-0.04	554	555
-0.04	554	556
-0.04	557	558
-0.04	557	559
-0.04	560	561
-0.04	560	564
-0.04	560	567
-0.04	561	562
-0.04	561	563
-0.04	564	565
-0.04	564	566
-0.04	567	568
-0.04	567	569
-0.04	570	571
-0.04	570	574
-0.04	570	577
-0.04	571	572
-0.04	571	573
-0.04	574	575
-0.04	574	576
-0.04	577	578
-0.04	577	579
-0.04	580	581
-0.04	580	584
-0.04	580	587
-0.04	581	582
-0.04	581	583
-0.04	584	585
-0.04	584	586
-0.04	587	588
-0.04	587	589
-0.04	590	591
-0.04	590	594
-0.04	590	597
-0.04	591	592
-0.04	591	593
-0.04	594	595
-0.04	594	596
-0.04	597	598
-0.04	597	599
-0.04	600	601
-0.04	600	604
-0.04	600	607
-0.04	601	602
-0.04	601	603
-0.04	604	605
-0.04	604	606
-0.04	607	608
-0.04	607	609
-0.04	610	611
-0.04	610	614
-0.04	610	617
-0.04	611	612
-0.04	611	613
-0.04	614	615
-0.04	614	616
-0.04	617	618
-0.04	617	619
-0.04	620	621
-0.04	620	624
-0.04	620	627
-0.04	621	622
-0.04	621	623
-0.04	624	625
-0.04	624	626
-0.04	627	628
-0.04	627	629
-0.04	630	631
-0.04	630	634
-0.04	630	637
-0.04	631	632
-0.04	631	633
-0.04	634	635
-0.04	634	636
-0.04	637	638
-0.04	637	639
-0.04	640	641
-0.04	640	644
-0.04	640	647
-0.04	641	642
-0.04	641	643
-0.04	644	645
-0.04	644	646
-0.04	647	648
-0.04	647	649
-0.04	650	651
-0.04	650	654
-0.04	650	657
-0.04	651	652
-0.04	651	653
-0.04	654	655
-0.04	654	656
-0.04	657	658
-0.04	657	659
-0.04	660	661
-0.04	660	664
-0.04	660	667
-0.04	661	662
-0.04	661	663
-0.04	664	665
-0.04	664	666
-0.04	667	668
-0.04	667	669
-0.04	670	671
-0.04	670	674
-0.04	670	677
-0.04	671	672
-0.04	671	673
-0.04	674	675
-0.04	674	676
-0.04	677	678
-0.04	677	679
-0.04	680	681
-0.04	680	684
-0.04	680	687
-0.04	681	682
-0.04	681	683
-0.04	684	685
-0.04	684	686
-0.04	687	688
-0.04	687	689
-0.04	690	691
-0.04	690	694
-0.04	690	697
-0.04	691	692
-0.04	691	693
-0.04	694	695
-0.04	694	696
-0.04	697	698
-0.04	697	699
-0.04	700	701
-0.04	700	704
-0.04	700	707
-0.04	701	702
-0.04	701	703
-0.04	704	705
-0.04	704	706
-0.04	707	708
-0.04	707	709
-0.04	710	711
-0.04	710	714
-0.04	710	717
-0.04	711	712
-0.04	711	713
-0.04	714	715
-0.04	714	716
-0.04	717	718
-0.04	717	719
-0.04	720	721
-0.04	720	724
-0.04	720	727
-0.04	721	722
-0.04	721	723
-0.04	724	725
-0.04	724	726
-0.04	727	728
-0.04	727	729
-0.04	730	731
-0.04	730	734
-0.04	730	737
-0.04	731	732
-0.04	731	733
-0.04	734	735
-0.04	734	736
-0.04	737	738
-0.04	737	739
-0.04	740	741
-0.04	740	744
-0.04	740	747
-0.04	741	742
-0.04	741	743
-0.04	744	745
-0.04	744	746
-0.04	747	748
-0.04	747	749
-0.04	750	751
-0.04	750	754
-0.04	750	757
-0.04	751	752
-0.04	751	753
-0.04	754	755
-0.04	754	756
-0.04	757	758
-0.04	757	759
-0.04	760	761
-0.04	760	764
-0.04	760	767
-0.04	761	762
-0.04	761	763
-0.04	764	765
-0.04	764	766
-0.04	767	768
-0.04	767	769
-0.04	770	771
-0.04	770	774
-0.04	770	777
-0.04	771	772
-0.04	771	773
-0.04	774	775
-0.04	774	776
-0.04	777	778
-0.04	777	779
-0.04	780	781
-0.04	780	784
-0.04	780	787
-0.04	781	782
-0.04	781	783
-0.04	784	785
-0.04	784	786
-0.04	787	788
-0.04	787	789
-0.04	790	791
-0.04	790	794
-0.04	790	797
-0.04	791	792
-0.04	791	793
-0.04	794	795
-0.04	794	796
-0.04	797	798
-0.04	797	799
-0.04	800	801
-0.04	800	804
-0.04	800	807
-0.04	801	802
-0.04	801	803
-0.04	804	805
-0.04	804	806
-0.04	807	808
-0.04	807	809
-0.04	810	811
-0.04	810	814
-0.04	810	817
-0.04	811	812
-0.04	811	813
-0.04	814	815
-0.04	814	816
-0.04	817	818
-0.04	817	819
-0.04	820	821
-0.04	820	824
-0.04	820	827
-0.04	821	822
-0.04	821	823
-0.04	824	825
-0.04	824	826
-0.04	827	828
-0.04	827	829
-0.04	830	831
-0.04	830	834
-0.04	830	837
-0.04	831	832
-0.04	831	833
-0.04	834	835
-0.04	834	836
-0.04	837	838
-0.04	837	839
-0.04	840	841
-0.04	840	844
-0.04	840	847
-0.04	841	842
-0.04	841	843
-0.04	844	845
-0.04	844	846
-0.04	847	848
-0.04	847	849
-0.04	850	851
-0.04	850	854
-0.04	850	857
-0.04	851	852
-0.04	851	853
-0.04	854	855
-0.04	854	856
-0.04	857	858
-0.04	857	859
-0.04	860	861
-0.04	860	864
-0.04	860	867
-0.04	861	862
-0.04	861	863
-0.04	864	865
-0.04	864	866
-0.04	867	868
-0.04	867	869
-0.04	870	871
-0.04	870	874
-0.04	870	877
-0.04	871	872
-0.04	871	873
-0.04	874	875
-0.04	874	876
-0.04	877	878
-0.04	877	879
-0.04	880	881
-0.04	880	884
-0.04	880	887
-0.04	881	882
-0.04	881	883
-0.04	884	885
-0.04	884	886
-0.04	887	888
-0.04	887	889
-0.04	890	891
-0.04	890	894
-0.04	890	897
-0.04	891	892
-0.04	891	893
-0.04	894	895
-0.04	894	896
-0.04	897	898
-0.04	897	899
-0.04	900	901
-0.04	900	904
-0.04	900	907
-0.04	901	902
-0.04	901	903
-0.04	904	905
-0.04	904	906
-0.04	907	908
-0.04	907	909
-0.04	910	911
-0.04	910	914
-0.04	910	917
-0.04	911	912
-0.04	911	913
-0.04	914	915
-0.04	914	916
-0.04	917	918
-0.04	917	919
-0.04	920	921
-0.04	920	924
-0.04	920	927
-0.04	921	922
-0.04	921	923
-0.04	924	925
-0.04	924	926
-0.04	927	928
-0.04	927	929
-0.04	930	931
-0.04	930	934
-0.04	930	937
-0.04	931	932
-0.04	931	933
-0.04	934	935
-0.04	934	936
-0.04	937	938
-0.04	937	939
-0.04	940	941
-0.04	940	944
-0.04	940	947
-0.04	941	942
-0.04	941	943
-0.04	944	945
-0.04	944	946
-0.04	947	948
-0.04	947	949
-0.04	950	951
-0.04	950	954
-0.04	950	957
-0.04	951	952
-0.04	951	953
-0.04	954	955
-0.04	954	956
-0.04	957	958
-0.04	957	959
-0.04	960	961
-0.04	960	964
-0.04	960	967
-0.04	961	962
-0.04	961	963
-0.04	964	965
-0.04	964	966
-0.04	967	968
-0.04	967	969
-0.04	970	971
-0.04	970	974
-0.04	970	977
-0.04	971	972
-0.04	971	973
-0.04	974	975
-0.04	974	976
-0.04	977	978
-0.04	977	979
-0.04	980	981
-0.04	980	984
-0.04	980	987
-0.04	981	982
-0.04	981	983
-0.04	984	985
-0.04	984	986
-0.04	987	988
-0.04	987	989
-0.04	990	991
-0.04	990	994
-0.04	990	997
-0.04	991	992
-0.04	991	993
-0.04	994	995
-0.04	994	996
-0.04	997	998
-0.04	997	999
-0.04	1000	1001
-0.04	1000	1004
-0.04	1000	1007
-0.04	1001	1002
-0.04	1001	1003
-0.04	1004	1005
-0.04	1004	1006
-0.04	1007	1008
-0.04	1007	1009
-0.04	1010	1011
-0.04	1010	1014
-0.04	1010	1017
-0.04	1011	1012
-0.04	1011	1013
-0.04	1014	1015
-0.04	1014	1016
-0.04	1017	1018
-0.04	1017	1019
-0.04	1020	1021
-0.04	1020	1024
-0.04	1020	1027
-0.04	1021	1022
-0.04	1021	1023
-0.04	1024	1025
-0.04	1024	1026
-0.04	1027	1028
-0.04	1027	1029
-0.04	1030	1031
-0.04	1030	1034
-0.04	1030	1037
-0.04	1031	1032
-0.04	1031	1033
-0.04	1034	1035
-0.04	1034	1036
-0.04	1037	1038
-0.04	1037	1039
-0.04	1040	1041
-0.04	1040	1044
-0.04	1040	1047
-0.04	1041	1042
-0.04	1041	1043
-0.04	1044	1045
-0.04	1044	1046
-0.04	1047	1048
-0.04	1047	1049
-0.04	1050	1051
-0.04	1050	1054
-0.04	1050	1057
-0.04	1051	1052
-0.04	1051	1053
-0.04	1054	1055
-0.04	1054	1056
-0.04	1057	1058
-0.04	1057	1059
-0.04	1060	1061
-0.04	1060	1064
-0.04	1060	1067
-0.04	1061	1062
-0.04	1061	1063
-0.04	1064	1065
-0.04	1064	1066
-0.04	1067	1068
-0.04	1067	1069
-0.04	1070	1071
-0.04	1070	1074
-0.04	1070	1077
-0.04	1071	1072
-0.04	1071	1073
-0.04	1074	1075
-0.04	1074	1076
-0.04	1077	1078
-0.04	1077	1079
-0.04	1080	1081
-0.04	1080	1084
-0.04	1080	1087
-0.04	1081	1082
-0.04	1081	1083
-0.04	1084	1085
-0.04	1084	1086
-0.04	1087	1088
-0.04	1087	1089
-0.04	1090	1091
-0.04	1090	1094
-0.04	1090	1097
-0.04	1091	1092
-0.04	1091	1093
-0.04	1094	1095
-0.04	1094	1096
-0.04	1097	1098
-0.04	1097	1099
-0.04	1100	1101
-0.04	1100	1104
-0.04	1100	1107
-0.04	1101	1102
-0.04	1101	1103
-0.04	1104	1105
-0.04	1104	1106
-0.04	1107	1108
-0.04	1107	1109
-0.04	1110	1111
-0.04	1110	1114
-0.04	1110	1117
-0.04	1111	1112
-0.04	1111	1113
-0.04	1114	1115
-0.04	1114	1116
-0.04	1117	1118
-0.04	1117	1119
-0.04	1120	1121
-0.04	1120	1124
-0.04	1120	1127
-0.04	1121	1122
-0.04	1121	1123
-0.04	1124	1125
-0.04	1124	1126
-0.04	1127	1128
-0.04	1127	1129
-0.04	1130	1131
-0.04	1130	1134
-0.04	1130	1137
-0.04	1131	1132
-0.04	1131	1133
-0.04	1134	1135
-0.04	1134	1136
-0.04	1137	1138
-0.04	1137	1139
-0.04	1140	1141
-0.04	1140	1144
-0.04	1140	1147
-0.04	1141	1142
-0.04	1141	1143
-0.04	1144	1145
-0.04	1144	1146
-0.04	1147	1148
-0.04	1147	1149
-0.04	1150	1151
-0.04	1150	1154
-0.04	1150	1157
-0.04	1151	1152
-0.04	1151	1153
-0.04	1154	1155
-0.04	1154	1156
-0.04	1157	1158
-0.04	1157	1159
-0.04	1160	1161
-0.04	1160	1164
-0.04	1160	1167
-0.04	1161	1162
-0.04	1161	1163
-0.04	1164	1165
-0.04	1164	1166
-0.04	1167	1168
-0.04	1167	1169
-0.04	1170	1171
-0.04	1170	1174
-0.04	1170	1177
-0.04	1171	1172
-0.04	1171	1173
-0.04	1174	1175
-0.04	1174	1176
-0.04	1177	1178
-0.04	1177	1179
-0.04	1180	1181
-0.04	1180	1184
-0.04	1180	1187
-0.04	1181	1182
-0.04	1181	1183
-0.04	1184	1185
-0.04	1184	1186
-0.04	1187	1188
-0.04	1187	1189
-0.04	1190	1191
-0.04	1190	1194
-0.04	1190	1197
-0.04	1191	1192
-0.04	1191	1193
-0.04	1194	1195
-0.04	1194	1196
-0.04	1197	1198
-0.04	1197	1199
-0.04	1200	1201
-0.04	1200	1204
-0.04	1200	1207
-0.04	1201	1202
-0.04	1201	1203
-0.04	1204	1205
-0.04	1204	1206
-0.04	1207	1208
-0.04	1207	1209
-0.04	1210	1211
-0.04	1210	1214
-0.04	1210	1217
-0.04	1211	1212
-0.04	1211	1213
-0.04	1214	1215
-0.04	1214	1216
-0.04	1217	1218
-0.04	1217	1219
-0.04	1220	1221
-0.04	1220	1224
-0.04	1220	1227
-0.04	1221	1222
-0.04	1221	1223
-0.04	1224	1225
-0.04	1224	1226
-0.04	1227	1228
-0.04	1227	1229
-0.04	1230	1231
-0.04	1230	1234
-0.04	1230	1237
-0.04	1231	1232
-0.04	1231	1233
-0.04	1234	1235
-0.04	1234	1236
-0.04	1237	1238
-0.04	1237	1239
-0.04	1240	1241
-0.04	1240	1244
-0.04	1240	1247
-0.04	1241	1242
-0.04	1241	1243
-0.04	1244	1245
-0.04	1244	1246
-0.04	1247	1248
-0.04	1247	1249
-0.04	1250	1251
-0.04	1250	1254
-0.04	1250	1257
-0.04	1251	1252
-0.04	1251	1253
-0.04	1254	1255
-0.04	1254	1256
-0.04	1257	1258
-0.04	1257	1259
-0.04	1260	1261
-0.04	1260	1264
-0.04	1260	1267
-0.04	1261	1262
-0.04	1261	1263
-0.04	1264	1265
-0.04	1264	1266
-0.04	1267	1268
-0.04	1267	1269
-0.04	1270	1271
-0.04	1270	1274
-0.04	1270	1277
-0.04	1271	1272
-0.04	1271	1273
-0.04	1274	1275
-0.04	1274	1276
-0.04	1277	1278
-0.04	1277	1279
-0.04	1280	1281
-0.04	1280	1284
-0.04	1280	1287
-0.04	1281	1282
-0.04	1281	1283
-0.04	1284	1285
-0.04	1284	1286
-0.04	1287	1288
-0.04	1287	1289
-0.04	1290	1291
-0.04	1290	1294
-0.04	1290	1297
-0.04	1291	1292
-0.04	1291	1293
-0.04	1294	1295
-0.04	1294	1296
-0.04	1297	1298
-0.04	1297	1299
-0.04	1300	1301
-0.04	1300	1304
-0.04	1300	1307
-0.04	1301	1302
-0.04	1301	1303
-0.04	1304	1305
-0.04	1304	1306
-0.04	1307	1308
-0.04	1307	1309
-0.04	1310	1311
-0.04	1310	1314
-0.04	1310	1317
-0.04	1311	1312
-0.04	1311	1313
-0.04	1314	1315
-0.04	1314	1316
-0.04	1317	1318
-0.04	1317	1319
-0.04	1320	1321
-0.04	1320	1324
-0.04	1320	1327
-0.04	1321	1322
-0.04	1321	1323
-0.04	1324	1325
-0.04	1324	1326
-0.04	1327	1328
-0.04	1327	1329
-0.04	1330	1331
-0.04	1330	1334
-0.04	1330	1337
-0.04	1331	1332
-0.04	1331	1333
-0.04	1334	1335
-0.04	1334	1336
-0.04	1337	1338
-0.04	1337	1339
-0.04	1340	1341
-0.04	1340	1344
-0.04	1340	1347
-0.04	1341	1342
-0.04	1341	1343
-0.04	1344	1345
-0.04	1344	1346
-0.04	1347	1348
-0.04	1347	1349
-0.04	1350	1351
-0.04	1350	1354
-0.04	1350	1357
-0.04	1351	1352
-0.04	1351	1353
-0.04	1354	1355
-0.04	1354	1356
-0.04	1357	1358
-0.04	1357	1359
-0.04	1360	1361
-0.04	1360	1364
-0.04	1360	1367
-0.04	1361	1362
-0.04	1361	1363
-0.04	1364	1365
-0.04	1364	1366
-0.04	1367	1368
-0.04	1367	1369
-0.04	1370	1371
-0.04	1370	1374
-0.04	1370	1377
-0.04	1371	1372
-0.04	1371	1373
-0.04	1374	1375
-0.04	1374	1376
-0.04	1377	1378
-0.04	1377	1379
-0.04	1380	1381
-0.04	1380	1384
-0.04	1380	1387
-0.04	1381	1382
-0.04	1381	1383
-0.04	1384	1385
-0.04	1384	1386
-0.04	1387	1388
-0.04	1387	1389
-0.04	1390	1391
-0.04	1390	1394
-0.04	1390	1397
-0.04	1391	1392
-0.04	1391	1393
-0.04	1394	1395
-0.04	1394	1396
-0.04	1397	1398
-0.04	1397	1399
-0.04	1400	1401
-0.04	1400	1404
-0.04	1400	1407
-0.04	1401	1402
-0.04	1401	1403
-0.04	1404	1405
-0.04	1404	1406
-0.04	1407	1408
-0.04	1407	1409
-0.04	1410	1411
-0.04	1410	1414
-0.04	1410	1417
-0.04	1411	1412
-0.04	1411	1413
-0.04	1414	1415
-0.04	1414	1416
-0.04	1417	1418
-0.04	1417	1419
-0.04	1420	1421
-0.04	1420	1424
-0.04	1420	1427
-0.04	1421	1422
-0.04	1421	1423
-0.04	1424	1425
-0.04	1424	1426
-0.04	1427	1428
-0.04	1427	1429
-0.04	1430	1431
-0.04	1430	1434
-0.04	1430	1437
-0.04	1431	1432
-0.04	1431	1433
-0.04	1434	1435
-0.04	1434	1436
-0.04	1437	1438
-0.04	1437	1439
-0.04	1440	1441
-0.04	1440	1444
-0.04	1440	1447
-0.04	1441	1442
-0.04	1441	1443
-0.04	1444	1445
-0.04	1444	1446
-0.04	1447	1448
-0.04	1447	1449
-0.04	1450	1451
-0.04	1450	1454
-0.04	1450	1457
-0.04	1451	1452
-0.04	1451	1453
-0.04	1454	1455
-0.04	1454	1456
-0.04	1457	1458
-0.04	1457	1459
-0.04	1460	1461
-0.04	1460	1464
-0.04	1460	1467
-0.04	1461	1462
-0.04	1461	1463
-0.04	1464	1465
-0.04	1464	1466
-0.04	1467	1468
-0.04	1467	1469
-0.04	1470	1471
-0.04	1470	1474
-0.04	1470	1477
-0.04	1471	1472
-0.04	1471	1473
-0.04	1474	1475
-0.04	1474	1476
-0.04	1477	1478
-0.04	1477	1479
-0.04	1480	1481
-0.04	1480	1484
-0.04	1480	1487
-0.04	1481	1482
-0.04	1481	1483
-0.04	1484	1485
-0.04	1484	1486
-0.04	1487	1488
-0.04	1487	1489
-0.04	1490	1491
-0.04	1490	1494
-0.04	1490	1497
-0.04	1491	1492
-0.04	1491	1493
-0.04	1494	1495
-0.04	1494	1496
-0.04	1497	1498
-0.04	1497	1499
-0.04	1500	1501
-0.04	1500	1504
-0.04	1500	1507
-0.04	1501	1502
-0.04	1501	1503
-0.04	1504	1505
-0.04	1504	1506
-0.04	1507	1508
-0.04	1507	1509
-0.04	1510	1511
-0.04	1510	1514
-0.04	1510	1517
-0.04	1511	1512
-0.04	1511	1513
-0.04	1514	1515
-0.04	1514	1516
-0.04	1517	1518
-0.04	1517	1519
-0.04	1520	1521
-0.04	1520	1524
-0.04	1520	1527
-0.04	1521	1522
-0.04	1521	1523
-0.04	1524	1525
-0.04	1524	1526
-0.04	1527	1528
-0.04	1527	1529
-0.04	1530	1531
-0.04	1530	1534
-0.04	1530	1537
-0.04	1531	1532
-0.04	1531	1533
-0.04	1534	1535
-0.04	1534	1536
-0.04	1537	1538
-0.04	1537	1539
-0.04	1540	1541
-0.04	1540	1544
-0.04	1540	1547
-0.04	1541	1542
-0.04	1541	1543
-0.04	1544	1545
-0.04	1544	1546
-0.04	1547	1548
-0.04	1547	1549
-0.04	1550	1551
-0.04	1550	1554
-0.04	1550	1557
-0.04	1551	1552
-0.04	1551	1553
-0.04	1554	1555
-0.04	1554	1556
-0.04	1557	1558
-0.04	1557	1559
-0.04	1560	1561
-0.04	1560	1564
-0.04	1560	1567
-0.04	1561	1562
-0.04	1561	1563
-0.04	1564	1565
-0.04	1564	1566
-0.04	1567	1568
-0.04	1567	1569
-0.04	1570	1571
-0.04	1570	1574
-0.04	1570	1577
-0.04	1571	1572
-0.04	1571	1573
-0.04	1574	1575
-0.04	1574	1576
-0.04	1577	1578
-0.04	1577	1579
-0.04	1580	1581
-0.04	1580	1584
-0.04	1580	1587
-0.04	1581	1582
-0.04	1581	1583
-0.04	1584	1585
-0.04	1584	1586
-0.04	1587	1588
-0.04	1587	1589
-0.04	1590	1591
-0.04	1590	1594
-0.04	1590	1597
-0.04	1591	1592
-0.04	1591	1593
-0.04	1594	1595
-0.04	1594	1596
-0.04	1597	1598
-0.04	1597	1599
-0.04	1600	1601
-0.04	1600	1604
-0.04	1600	1607
-0.04	1601	1602
-0.04	1601	1603
-0.04	1604	1605
-0.04	1604	1606
-0.04	1607	1608
-0.04	1607	1609
-0.04	1610	1611
-0.04	1610	1614
-0.04	1610	1617
-0.04	1611	1612
-0.04	1611	1613
-0.04	1614	1615
-0.04	1614	1616
-0.04	1617	1618
-0.04	1617	1619
-0.04	1620	1621
-0.04	1620	1624
-0.04	1620	1627
-0.04	1621	1622
-0.04	1621	1623
-0.04	1624	1625
-0.04	1624	1626
-0.04	1627	1628
-0.04	1627	1629
-0.04	1630	1631
-0.04	1630	1634
-0.04	1630	1637
-0.04	1631	1632
-0.04	1631	1633
-0.04	1634	1635
-0.04	1634	1636
-0.04	1637	1638
-0.04	1637	1639
-0.04	1640	1641
-0.04	1640	1644
-0.04	1640	1647
-0.04	1641	1642
-0.04	1641	1643
-0.04	1644	1645
-0.04	1644	1646
-0.04	1647	1648
-0.04	1647	1649
-0.04	1650	1651
-0.04	1650	1654
-0.04	1650	1657
-0.04	1651	1652
-0.04	1651	1653
-0.04	1654	1655
-0.04	1654	1656
-0.04	1657	1658
-0.04	1657	1659
-0.04	1660	1661
-0.04	1660	1664
-0.04	1660	1667
-0.04	1661	1662
-0.04	1661	1663
-0.04	1664	1665
-0.04	1664	1666
-0.04	1667	1668
-0.04	1667	1669
-0.04	1670	1671
-0.04	1670	1674
-0.04	1670	1677
-0.04	1671	1672
-0.04	1671	1673
-0.04	1674	1675
-0.04	1674	1676
-0.04	1677	1678
-0.04	1677	1679
-0.04	1680	1681
-0.04	1680	1684
-0.04	1680	1687
-0.04	1681	1682
-0.04	1681	1683
-0.04	1684	1685
-0.04	1684	1686
-0.04	1687	1688
-0.04	1687	1689
-0.04	1690	1691
-0.04	1690	1694
-0.04	1690	1697
-0.04	1691	1692
-0.04	1691	1693
-0.04	1694	1695
-0.04	1694	1696
-0.04	1697	1698
-0.04	1697	1699
-0.04	1700	1701
-0.04	1700	1704
-0.04	1700	1707
-0.04	1701	1702
-0.04	1701	1703
-0.04	1704	1705
-0.04	1704	1706
-0.04	1707	1708
-0.04	1707	1709
-0.04	1710	1711
-0.04	1710	1714
-0.04	1710	1717
-0.04	1711	1712
-0.04	1711	1713
-0.04	1714	1715
-0.04	1714	1716
-0.04	1717	1718
-0.04	1717	1719
-0.04	1720	1721
-0.04	1720	1724
-0.04	1720	1727
-0.04	1721	1722
-0.04	1721	1723
-0.04	1724	1725
-0.04	1724	1726
-0.04	1727	1728
-0.04	1727	1729
-0.04	1730	1731
-0.04	1730	1734
-0.04	1730	1737
-0.04	1731	1732
-0.04	1731	1733
-0.04	1734	1735
-0.04	1734	1736
-0.04	1737	1738
-0.04	1737	1739
-0.04	1740	1741
-0.04	1740	1744
-0.04	1740	1747
-0.04	1741	1742
-0.04	1741	1743
-0.04	1744	1745
-0.04	1744	1746
-0.04	1747	1748
-0.04	1747	1749
-0.04	1750	1751
-0.04	1750	1754
-0.04	1750	1757
-0.04	1751	1752
-0.04	1751	1753
-0.04	1754	1755
-0.04	1754	1756
-0.04	1757	1758
-0.04	1757	1759
-0.04	1760	1761
-0.04	1760	1764
-0.04	1760	1767
-0.04	1761	1762
-0.04	1761	1763
-0.04	1764	1765
-0.04	1764	1766
-0.04	1767	1768
-0.04	1767	1769
-0.04	1770	1771
-0.04	1770	1774
-0.04	1770	1777
-0.04	1771	1772
-0.04	1771	1773
-0.04	1774	1775
-0.04	1774	1776
-0.04	1777	1778
-0.04	1777	1779
-0.04	1780	1781
-0.04	1780	1784
-0.04	1780	1787
-0.04	1781	1782
-0.04	1781	1783
-0.04	1784	1785
-0.04	1784	1786
-0.04	1787	1788
-0.04	1787	1789
-0.04	1790	1791
-0.04	1790	1794
-0.04	1790	1797
-0.04	1791	1792
-0.04	1791	1793
-0.04	1794	1795
-0.04	1794	1796
-0.04	1797	1798
-0.04	1797	1799
-0.04	1800	1801
-0.04	1800	1804
-0.04	1800	1807
-0.04	1801	1802
-0.04	1801	1803
-0.04	1804	1805
-0.04	1804	1806
-0.04	1807	1808
-0.04	1807	1809
-0.04	1810	1811
-0.04	1810	1814
-0.04	1810	1817
-0.04	1811	1812
-0.04	1811	1813
-0.04	1814	1815
-0.04	1814	1816
-0.04	1817	1818
-0.04	1817	1819
-0.04	1820	1821
-0.04	1820	1824
-0.04	1820	1827
-0.04	1821	1822
-0.04	1821	1823
-0.04	1824	1825
-0.04	1824	1826
-0.04	1827	1828
-0.04	1827	1829
-0.04	1830	1831
-0.04	1830	1834
-0.04	1830	1837
-0.04	1831	1832
-0.04	1831	1833
-0.04	1834	1835
-0.04	1834	1836
-0.04	1837	1838
-0.04	1837	1839
-0.04	1840	1841
-0.04	1840	1844
-0.04	1840	1847
-0.04	1841	1842
-0.04	1841	1843
-0.04	1844	1845
-0.04	1844	1846
-0.04	1847	1848
-0.04	1847	1849
-0.04	1850	1851
-0.04	1850	1854
-0.04	1850	1857
-0.04	1851	1852
-0.04	1851	1853
-0.04	1854	1855
-0.04	1854	1856
-0.04	1857	1858
-0.04	1857	1859
-0.04	1860	1861
-0.04	1860	1864
-0.04	1860	1867
-0.04	1861	1862
-0.04	1861	1863
-0.04	1864	1865
-0.04	1864	1866
-0.04	1867	1868
-0.04	1867	1869
-0.04	1870	1871
-0.04	1870	1874
-0.04	1870	1877
-0.04	1871	1872
-0.04	1871	1873
-0.04	1874	1875
-0.04	1874	1876
-0.04	1877	1878
-0.04	1877	1879
-0.04	1880	1881
-0.04	1880	1884
-0.04	1880	1887
-0.04	1881	1882
-0.04	1881	1883
-0.04	1884	1885
-0.04	1884	1886
-0.04	1887	1888
-0.04	1887	1889
-0.04	1890	1891
-0.04	1890	1894
-0.04	1890	1897
-0.04	1891	1892
-0.04	1891	1893
-0.04	1894	1895
-0.04	1894	1896
-0.04	1897	1898
-0.04	1897	1899
-0.04	1900	1901
-0.04	1900	1904
-0.04	1900	1907
-0.04	1901	1902
-0.04	1901	1903
-0.04	1904	1905
-0.04	1904	1906
-0.04	1907	1908
-0.04	1907	1909
-0.04	1910	1911
-0.04	1910	1914
-0.04	1910	1917
-0.04	1911	1912
-0.04	1911	1913
-0.04	1914	1915
-0.04	1914	1916
-0.04	1917	1918
-0.04	1917	1919
-0.04	1920	1921
-0.04	1920	1924
-0.04	1920	1927
-0.04	1921	1922
-0.04	1921	1923
-0.04	1924	1925
-0.04	1924	1926
-0.04	1927	1928
-0.04	1927	1929
-0.04	1930	1931
-0.04	1930	1934
-0.04	1930	1937
-0.04	1931	1932
-0.04	1931	1933
-0.04	1934	1935
-0.04	1934	1936
-0.04	1937	1938
-0.04	1937	1939
-0.04	1940	1941
-0.04	1940	1944
-0.04	1940	1947
-0.04	1941	1942
-0.04	1941	1943
-0.04	1944	1945
-0.04	1944	1946
-0.04	1947	1948
-0.04	1947	1949
-0.04	1950	1951
-0.04	1950	1954
-0.04	1950	1957
-0.04	1951	1952
-0.04	1951	1953
-0.04	1954	1955
-0.04	1954	1956
-0.04	1957	1958
-0.04	1957	1959
-0.04	1960	1961
-0.04	1960	1964
-0.04	1960	1967
-0.04	1961	1962
-0.04	1961	1963
-0.04	1964	1965
-0.04	1964	1966
-0.04	1967	1968
-0.04	1967	1969
-0.04	1970	1971
-0.04	1970	1974
-0.04	1970	1977
-0.04	1971	1972
-0.04	1971	1973
-0.04	1974	1975
-0.04	1974	1976
-0.04	1977	1978
-0.04	1977	1979
-0.04	1980	1981
-0.04	1980	1984
-0.04	1980	1987
-0.04	1981	1982
-0.04	1981	1983
-0.04	1984	1985
-0.04	1984	1986
-0.04	1987	1988
-0.04	1987	1989
-0.04	1990	1991
-0.04	1990	1994
-0.04	1990	1997
-0.04	1991	1992
-0.04	1991	1993
-0.04	1994	1995
-0.04	1994	1996
-0.04	1997	1998
-0.04	1997	1999
-0.04	2000	2001
-0.04	2000	2004
-0.04	2000	2007
-0.04	2001	2002
-0.04	2001	2003
-0.04	2004	2005
-0.04	2004	2006
-0.04	2007	2008
-0.04	2007	2009
-0.04	2010	2011
-0.04	2010	2014
-0.04	2010	2017
-0.04	2011	2012
-0.04	2011	2013
-0.04	2014	2015
-0.04	2014	2016
-0.04	2017	2018
-0.04	2017	2019
-0.04	2020	2021
-0.04	2020	2024
-0.04	2020	2027
-0.04	2021	2022
-0.04	2021	2023
-0.04	2024	2025
-0.04	2024	2026
-0.04	2027	2028
-0.04	2027	2029
-0.04	2030	2031
-0.04	2030	2034
-0.04	2030	2037
-0.04	2031	2032
-0.04	2031	2033
-0.04	2034	2035
-0.04	2034	2036
-0.04	2037	2038
-0.04	2037	2039
-0.04	2040	2041
-0.04	2040	2044
-0.04	2040	2047
-0.04	2041	2042
-0.04	2041	2043
-0.04	2044	2045
-0.04	2044	2046
-0.04	2047	2048
-0.04	2047	2049
-0.04	2050	2051
-0.04	2050	2054
-0.04	2050	2057
-0.04	2051	2052
-0.04	2051	2053
-0.04	2054	2055
-0.04	2054	2056
-0.04	2057	2058
-0.04	2057	2059
-0.04	2060	2061
-0.04	2060	2064
-0.04	2060	2067
-0.04	2061	2062
-0.04	2061	2063
-0.04	2064	2065
-0.04	2064	2066
-0.04	2067	2068
-0.04	2067	2069
-0.04	2070	2071
-0.04	2070	2074
-0.04	2070	2077
-0.04	2071	2072
-0.04	2071	2073
-0.04	2074	2075
-0.04	2074	2076
-0.04	2077	2078
-0.04	2077	2079
-0.04	2080	2081
-0.04	2080	2084
-0.04	2080	2087
-0.04	2081	2082
-0.04	2081	2083
-0.04	2084	2085
-0.04	2084	2086
-0.04	2087	2088
-0.04	2087	2089
-0.04	2090	2091
-0.04	2090	2094
-0.04	2090	2097
-0.04	2091	2092
-0.04	2091	2093
-0.04	2094	2095
-0.04	2094	2096
-0.04	2097	2098
-0.04	2097	2099
-0.04	2100	2101
-0.04	2100	2104
-0.04	2100	2107
-0.04	2101	2102
-0.04	2101	2103
-0.04	2104	2105
-0.04	2104	2106
-0.04	2107	2108
-0.04	2107	2109
-0.04	2110	2111
-0.04	2110	2114
-0.04	2110	2117
-0.04	2111	2112
-0.04	2111	2113
-0.04	2114	2115
-0.04	2114	2116
-0.04	2117	2118
-0.04	2117	2119
-0.04	2120	2121
-0.04	2120	2124
-0.04	2120	2127
-0.04	2121	2122
-0.04	2121	2123
-0.04	2124	2125
-0.04	2124	2126
-0.04	2127	2128
-0.04	2127	2129
-0.04	2130	2131
-0.04	2130	2134
-0.04	2130	2137
-0.04	2131	2132
-0.04	2131	2133
-0.04	2134	2135
-0.04	2134	2136
-0.04	2137	2138
-0.04	2137	2139
-0.04	2140	2141
-0.04	2140	2144
-0.04	2140	2147
-0.04	2141	2142
-0.04	2141	2143
-0.04	2144	2145
-0.04	2144	2146
-0.04	2147	2148
-0.04	2147	2149
-0.04	2150	2151
-0.04	2150	2154
-0.04	2150	2157
-0.04	2151	2152
-0.04	2151	2153
-0.04	2154	2155
-0.04	2154	2156
-0.04	2157	2158
-0.04	2157	2159
-0.04	2160	2161
-0.04	2160	2164
-0.04	2160	2167
-0.04	2161	2162
-0.04	2161	2163
-0.04	2164	2165
-0.04	2164	2166
-0.04	2167	2168
-0.04	2167	2169
-0.04	2170	2171
-0.04	2170	2174
-0.04	2170	2177
-0.04	2171	2172
-0.04	2171	2173
-0.04	2174	2175
-0.04	2174	2176
-0.04	2177	2178
-0.04	2177	2179
-0.04	2180	2181
-0.04	2180	2184
-0.04	2180	2187
-0.04	2181	2182
-0.04	2181	2183
-0.04	2184	2185
-0.04	2184	2186
-0.04	2187	2188
-0.04	2187	2189
-0.04	2190	2191
-0.04	2190	2194
-0.04	2190	2197
-0.04	2191	2192
-0.04	2191	2193
-0.04	2194	2195
-0.04	2194	2196
-0.04	2197	2198
-0.04	2197	2199
-0.04	2200	2201
-0.04	2200	2204
-0.04	2200	2207
-0.04	2201	2202
-0.04	2201	2203
-0.04	2204	2205
-0.04	2204	2206
-0.04	2207	2208
-0.04	2207	2209
-0.04	2210	2211
-0.04	2210	2214
-0.04	2210	2217
-0.04	2211	2212
-0.04	2211	2213
-0.04	2214	2215
-0.04	2214	2216
-0.04	2217	2218
-0.04	2217	2219
-0.04	2220	2221
-0.04	2220	2224
-0.04	2220	2227
-0.04	2221	2222
-0.04	2221	2223
-0.04	2224	2225
-0.04	2224	2226
-0.04	2227	2228
-0.04	2227	2229
-0.04	2230	2231
-0.04	2230	2234
-0.04	2230	2237
-0.04	2231	2232
-0.04	2231	2233
-0.04	2234	2235
-0.04	2234	2236
-0.04	2237	2238
-0.04	2237	2239
-0.04	2240	2241
-0.04	2240	2244
-0.04	2240	2247
-0.04	2241	2242
-0.04	2241	2243
-0.04	2244	2245
-0.04	2244	2246
-0.04	2247	2248
-0.04	2247	2249
-0.04	2250	2251
-0.04	2250	2254
-0.04	2250	2257
-0.04	2251	2252
-0.04	2251	2253
-0.04	2254	2255
-0.04	2254	2256
-0.04	2257	2258
-0.04	2257	2259
-0.04	2260	2261
-0.04	2260	2264
-0.04	2260	2267
-0.04	2261	2262
-0.04	2261	2263
-0.04	2264	2265
-0.04	2264	2266
-0.04	2267	2268
-0.04	2267	2269
-0.04	2270	2271
-0.04	2270	2274
-0.04	2270	2277
-0.04	2271	2272
-0.04	2271	2273
-0.04	2274	2275
-0.04	2274	2276
-0.04	2277	2278
-0.04	2277	2279
-0.04	2280	2281
-0.04	2280	2284
-0.04	2280	2287
-0.04	2281	2282
-0.04	2281	2283
-0.04	2284	2285
-0.04	2284	2286
-0.04	2287	2288
-0.04	2287	2289
-0.04	2290	2291
-0.04	2290	2294
-0.04	2290	2297
-0.04	2291	2292
-0.04	2291	2293
-0.04	2294	2295
-0.04	2294	2296
-0.04	2297	2298
-0.04	2297	2299
-0.04	2300	2301
-0.04	2300	2304
-0.04	2300	2307
-0.04	2301	2302
-0.04	2301	2303
-0.04	2304	2305
-0.04	2304	2306
-0.04	2307	2308
-0.04	2307	2309
-0.04	2310	2311
-0.04	2310	2314
-0.04	2310	2317
-0.04	2311	2312
-0.04	2311	2313
-0.04	2314	2315
-0.04	2314	2316
-0.04	2317	2318
-0.04	2317	2319
-0.04	2320	2321
-0.04	2320	2324
-0.04	2320	2327
-0.04	2321	2322
-0.04	2321	2323
-0.04	2324	2325
-0.04	2324	2326
-0.04	2327	2328
-0.04	2327	2329
-0.04	2330	2331
-0.04	2330	2334
-0.04	2330	2337
-0.04	2331	2332
-0.04	2331	2333
-0.04	2334	2335
-0.04	2334	2336
-0.04	2337	2338
-0.04	2337	2339
-0.04	2340	2341
-0.04	2340	2344
-0.04	2340	2347
-0.04	2341	2342
-0.04	2341	2343
-0.04	2344	2345
-0.04	2344	2346
-0.04	2347	2348
-0.04	2347	2349
-0.04	2350	2351
-0.04	2350	2354
-0.04	2350	2357
-0.04	2351	2352
-0.04	2351	2353
-0.04	2354	2355
-0.04	2354	2356
-0.04	2357	2358
-0.04	2357	2359
-0.04	2360	2361
-0.04	2360	2364
-0.04	2360	2367
-0.04	2361	2362
-0.04	2361	2363
-0.04	2364	2365
-0.04	2364	2366
-0.04	2367	2368
-0.04	2367	2369
-0.04	2370	2371
-0.04	2370	2374
-0.04	2370	2377
-0.04	2371	2372
-0.04	2371	2373
-0.04	2374	2375
-0.04	2374	2376
-0.04	2377	2378
-0.04	2377	2379
-0.04	2380	2381
-0.04	2380	2384
-0.04	2380	2387
-0.04	2381	2382
-0.04	2381	2383
-0.04	2384	2385
-0.04	2384	2386
-0.04	2387	2388
-0.04	2387	2389
-0.04	2390	2391
-0.04	2390	2394
-0.04	2390	2397
-0.04	2391	2392
-0.04	2391	2393
-0.04	2394	2395
-0.04	2394	2396
-0.04	2397	2398
-0.04	2397	2399
-0.04	2400	2401
-0.04	2400	2404
-0.04	2400	2407
-0.04	2401	2402
-0.04	2401	2403
-0.04	2404	2405
-0.04	2404	2406
-0.04	2407	2408
-0.04	2407	2409
-0.04	2410	2411
-0.04	2410	2414
-0.04	2410	2417
-0.04	2411	2412
-0.04	2411	2413
-0.04	2414	2415
-0.04	2414	2416
-0.04	2417	2418
-0.04	2417	2419
-0.04	2420	2421
-0.04	2420	2424
-0.04	2420	2427
-0.04	2421	2422
-0.04	2421	2423
-0.04	2424	2425
-0.04	2424	2426
-0.04	2427	2428
-0.04	2427	2429
-0.04	2430	2431
-0.04	2430	2434
-0.04	2430	2437
-0.04	2431	2432
-0.04	2431	2433
-0.04	2434	2435
-0.04	2434	2436
-0.04	2437	2438
-0.04	2437	2439
-0.04	2440	2441
-0.04	2440	2444
-0.04	2440	2447
-0.04	2441	2442
-0.04	2441	2443
-0.04	2444	2445
-0.04	2444	2446
-0.04	2447	2448
-0.04	2447	2449
-0.04	2450	2451
-0.04	2450	2454
-0.04	2450	2457
-0.04	2451	2452
-0.04	2451	2453
-0.04	2454	2455
-0.04	2454	2456
-0.04	2457	2458
-0.04	2457	2459
-0.04	2460	2461
-0.04	2460	2464
-0.04	2460	2467
-0.04	2461	2462
-0.04	2461	2463
-0.04	2464	2465
-0.04	2464	2466
-0.04	2467	2468
-0.04	2467	2469
-0.04	2470	2471
-0.04	2470	2474
-0.04	2470	2477
-0.04	2471	2472
-0.04	2471	2473
-0.04	2474	2475
-0.04	2474	2476
-0.04	2477	2478
-0.04	2477	2479
-0.04	2480	2481
-0.04	2480	2484
-0.04	2480	2487
-0.04	2481	2482
-0.04	2481	2483
-0.04	2484	2485
-0.04	2484	2486
-0.04	2487	2488
-0.04	2487	2489
-0.04	2490	2491
-0.04	2490	2494
-0.04	2490	2497
-0.04	2491	2492
-0.04	2491	2493
-0.04	2494	2495
-0.04	2494	2496
-0.04	2497	2498
-0.04	2497	2499
-0.04	2500	2501
-0.04	2500	2504
-0.04	2500	2507
-0.04	2501	2502
-0.04	2501	2503
-0.04	2504	2505
-0.04	2504	2506
-0.04	2507	2508
-0.04	2507	2509
-0.04	2510	2511
-0.04	2510	2514
-0.04	2510	2517
-0.04	2511	2512
-0.04	2511	2513
-0.04	2514	2515
-0.04	2514	2516
-0.04	2517	2518
-0.04	2517	2519
-0.04	2520	2521
-0.04	2520	2524
-0.04	2520	2527
-0.04	2521	2522
-0.04	2521	2523
-0.04	2524	2525
-0.04	2524	2526
-0.04	2527	2528
-0.04	2527	2529
-0.04	2530	2531
-0.04	2530	2534
-0.04	2530	2537
-0.04	2531	2532
-0.04	2531	2533
-0.04	2534	2535
-0.04	2534	2536
-0.04	2537	2538
-0.04	2537	2539
-0.04	2540	2541
-0.04	2540	2544
-0.04	2540	2547
-0.04	2541	2542
-0.04	2541	2543
-0.04	2544	2545
-0.04	2544	2546
-0.04	2547	2548
-0.04	2547	2549
-0.04	2550	2551
-0.04	2550	2554
-0.04	2550	2557
-0.04	2551	2552
-0.04	2551	2553
-0.04	2554	2555
-0.04	2554	2556
-0.04	2557	2558
-0.04	2557	2559
-0.04	2560	2561
-0.04	2560	2564
-0.04	2560	2567
-0.04	2561	2562
-0.04	2561	2563
-0.04	2564	2565
-0.04	2564	2566
-0.04	2567	2568
-0.04	2567	2569
-0.04	2570	2571
-0.04	2570	2574
-0.04	2570	2577
-0.04	2571	2572
-0.04	2571	2573
-0.04	2574	2575
-0.04	2574	2576
-0.04	2577	2578
-0.04	2577	2579
-0.04	2580	2581
-0.04	2580	2584
-0.04	2580	2587
-0.04	2581	2582
-0.04	2581	2583
-0.04	2584	2585
-0.04	2584	2586
-0.04	2587	2588
-0.04	2587	2589
-0.04	2590	2591
-0.04	2590	2594
-0.04	2590	2597
-0.04	2591	2592
-0.04	2591	2593
-0.04	2594	2595
-0.04	2594	2596
-0.04	2597	2598
-0.04	2597	2599
-0.04	2600	2601
-0.04	2600	2604
-0.04	2600	2607
-0.04	2601	2602
-0.04	2601	2603
-0.04	2604	2605
-0.04	2604	2606
-0.04	2607	2608
-0.04	2607	2609
-0.04	2610	2611
-0.04	2610	2614
-0.04	2610	2617
-0.04	2611	2612
-0.04	2611	2613
-0.04	2614	2615
-0.04	2614	2616
-0.04	2617	2618
-0.04	2617	2619
-0.04	2620	2621
-0.04	2620	2624
-0.04	2620	2627
-0.04	2621	2622
-0.04	2621	2623
-0.04	2624	2625
-0.04	2624	2626
-0.04	2627	2628
-0.04	2627	2629
-0.04	2630	2631
-0.04	2630	2634
-0.04	2630	2637
-0.04	2631	2632
-0.04	2631	2633
-0.04	2634	2635
-0.04	2634	2636
-0.04	2637	2638
-0.04	2637	2639
-0.04	2640	2641
-0.04	2640	2644
-0.04	2640	2647
-0.04	2641	2642
-0.04	2641	2643
-0.04	2644	2645
-0.04	2644	2646
-0.04	2647	2648
-0.04	2647	2649
-0.04	2650	2651
-0.04	2650	2654
-0.04	2650	2657
-0.04	2651	2652
-0.04	2651	2653
-0.04	2654	2655
-0.04	2654	2656
-0.04	2657	2658
-0.04	2657	2659
-0.04	2660	2661
-0.04	2660	2664
-0.04	2660	2667
-0.04	2661	2662
-0.04	2661	2663
-0.04	2664	2665
-0.04	2664	2666
-0.04	2667	2668
-0.04	2667	2669
-0.04	2670	2671
-0.04	2670	2674
-0.04	2670	2677
-0.04	2671	2672
-0.04	2671	2673
-0.04	2674	2675
-0.04	2674	2676
-0.04	2677	2678
-0.04	2677	2679
-0.04	2680	2681
-0.04	2680	2684
-0.04	2680	2687
-0.04	2681	2682
-0.04	2681	2683
-0.04	2684	2685
-0.04	2684	2686
-0.04	2687	2688
-0.04	2687	2689
-0.04	2690	2691
-0.04	2690	2694
-0.04	2690	2697
-0.04	2691	2692
-0.04	2691	2693
-0.04	2694	2695
-0.04	2694	2696
-0.04	2697	2698
-0.04	2697	2699
-0.04	2700	2701
-0.04	2700	2704
-0.04	2700	2707
-0.04	2701	2702
-0.04	2701	2703
-0.04	2704	2705
-0.04	2704	2706
-0.04	2707	2708
-0.04	2707	2709
-0.04	2710	2711
-0.04	2710	2714
-0.04	2710	2717
-0.04	2711	2712
-0.04	2711	2713
-0.04	2714	2715
-0.04	2714	2716
-0.04	2717	2718
-0.04	2717	2719
-0.04	2720	2721
-0.04	2720	2724
-0.04	2720	2727
-0.04	2721	2722
-0.04	2721	2723
-0.04	2724	2725
-0.04	2724	2726
-0.04	2727	2728
-0.04	2727	2729
-0.04	2730	2731
-0.04	2730	2734
-0.04	2730	2737
-0.04	2731	2732
-0.04	2731	2733
-0.04	2734	2735
-0.04	2734	2736
-0.04	2737	2738
-0.04	2737	2739
-0.04	2740	2741
-0.04	2740	2744
-0.04	2740	2747
-0.04	2741	2742
-0.04	2741	2743
-0.04	2744	2745
-0.04	2744	2746
-0.04	2747	2748
-0.04	2747	2749
-0.04	2750	2751
-0.04	2750	2754
-0.04	2750	2757
-0.04	2751	2752
-0.04	2751	2753
-0.04	2754	2755
-0.04	2754	2756
-0.04	2757	2758
-0.04	2757	2759
-0.04	2760	2761
-0.04	2760	2764
-0.04	2760	2767
-0.04	2761	2762
-0.04	2761	2763
-0.04	2764	2765
-0.04	2764	2766
-0.04	2767	2768
-0.04	2767	2769
-0.04	2770	2771
-0.04	2770	2774
-0.04	2770	2777
-0.04	2771	2772
-0.04	2771	2773
-0.04	2774	2775
-0.04	2774	2776
-0.04	2777	2778
-0.04	2777	2779
-0.04	2780	2781
-0.04	2780	2784
-0.04	2780	2787
-0.04	2781	2782
-0.04	2781	2783
-0.04	2784	2785
-0.04	2784	2786
-0.04	2787	2788
-0.04	2787	2789
-0.04	2790	2791
-0.04	2790	2794
-0.04	2790	2797
-0.04	2791	2792
-0.04	2791	2793
-0.04	2794	2795
-0.04	2794	2796
-0.04	2797	2798
-0.04	2797	2799
-0.04	2800	2801
-0.04	2800	2804
-0.04	2800	2807
-0.04	2801	2802
-0.04	2801	2803
-0.04	2804	2805
-0.04	2804	2806
-0.04	2807	2808
-0.04	2807	2809
-0.04	2810	2811
-0.04	2810	2814
-0.04	2810	2817
-0.04	2811	2812
-0.04	2811	2813
-0.04	2814	2815
-0.04	2814	2816
-0.04	2817	2818
-0.04	2817	2819
-0.04	2820	2821
-0.04	2820	2824
-0.04	2820	2827
-0.04	2821	2822
-0.04	2821	2823
-0.04	2824	2825
-0.04	2824	2826
-0.04	2827	2828
-0.04	2827	2829
-0.04	2830	2831
-0.04	2830	2834
-0.04	2830	2837
-0.04	2831	2832
-0.04	2831	2833
-0.04	2834	2835
-0.04	2834	2836
-0.04	2837	2838
-0.04	2837	2839
-0.04	2840	2841
-0.04	2840	2844
-0.04	2840	2847
-0.04	2841	2842
-0.04	2841	2843
-0.04	2844	2845
-0.04	2844	2846
-0.04	2847	2848
-0.04	2847	2849
-0.04	2850	2851
-0.04	2850	2854
-0.04	2850	2857
-0.04	2851	2852
-0.04	2851	2853
-0.04	2854	2855
-0.04	2854	2856
-0.04	2857	2858
-0.04	2857	2859
-0.04	2860	2861
-0.04	2860	2864
-0.04	2860	2867
-0.04	2861	2862
-0.04	2861	2863
-0.04	2864	2865
-0.04	2864	2866
-0.04	2867	2868
-0.04	2867	2869
-0.04	2870	2871
-0.04	2870	2874
-0.04	2870	2877
-0.04	2871	2872
-0.04	2871	2873
-0.04	2874	2875
-0.04	2874	2876
-0.04	2877	2878
-0.04	2877	2879
-0.04	2880	2881
-0.04	2880	2884
-0.04	2880	2887
-0.04	2881	2882
-0.04	2881	2883
-0.04	2884	2885
-0.04	2884	2886
-0.04	2887	2888
-0.04	2887	2889
-0.04	2890	2891
-0.04	2890	2894
-0.04	2890	2897
-0.04	2891	2892
-0.04	2891	2893
-0.04	2894	2895
-0.04	2894	2896
-0.04	2897	2898
-0.04	2897	2899
-0.04	2900	2901
-0.04	2900	2904
-0.04	2900	2907
-0.04	2901	2902
-0.04	2901	2903
-0.04	2904	2905
-0.04	2904	2906
-0.04	2907	2908
-0.04	2907	2909
-0.04	2910	2911
-0.04	2910	2914
-0.04	2910	2917
-0.04	2911	2912
-0.04	2911	2913
-0.04	2914	2915
-0.04	2914	2916
-0.04	2917	2918
-0.04	2917	2919
-0.04	2920	2921
-0.04	2920	2924
-0.04	2920	2927
-0.04	2921	2922
-0.04	2921	2923
-0.04	2924	2925
-0.04	2924	2926
-0.04	2927	2928
-0.04	2927	2929
-0.04	2930	2931
-0.04	2930	2934
-0.04	2930	2937
-0.04	2931	2932
-0.04	2931	2933
-0.04	2934	2935
-0.04	2934	2936
-0.04	2937	2938
-0.04	2937	2939
-0.04	2940	2941
-0.04	2940	2944
-0.04	2940	2947
-0.04	2941	2942
-0.04	2941	2943
-0.04	2944	2945
-0.04	2944	2946
-0.04	2947	2948
-0.04	2947	2949
-0.04	2950	2951
-0.04	2950	2954
-0.04	2950	2957
-0.04	2951	2952
-0.04	2951	2953
-0.04	2954	2955
-0.04	2954	2956
-0.04	2957	2958
-0.04	2957	2959
-0.04	2960	2961
-0.04	2960	2964
-0.04	2960	2967
-0.04	2961	2962
-0.04	2961	2963
-0.04	2964	2965
-0.04	2964	2966
-0.04	2967	2968
-0.04	2967	2969
-0.04	2970	2971
-0.04	2970	2974
-0.04	2970	2977
-0.04	2971	2972
-0.04	2971	2973
-0.04	2974	2975
-0.04	2974	2976
-0.04	2977	2978
-0.04	2977	2979
-0.04	2980	2981
-0.04	2980	2984
-0.04	2980	2987
-0.04	2981	2982
-0.04	2981	2983
-0.04	2984	2985
-0.04	2984	2986
-0.04	2987	2988
-0.04	2987	2989
-0.04	2990	2991
-0.04	2990	2994
-0.04	2990	2997
-0.04	2991	2992
-0.04	2991	2993
-0.04	2994	2995
-0.04	2994	2996
-0.04	2997	2998
-0.04	2997	2999
0.50	0	1240	2820
-0.50	50	1650	2300
0.50	360	1660	2450
-0.50	30	1850	2220
-0.50	530	1800	2530
0.50	680	1440	2090
-0.50	540	1150	2270
0.50	240	1880	2480
0.50	710	1600	2481
0.50	880	1370	2440
0.50	500	1860	2040
0.50	720	1830	2441
0.50	920	1160	2470
-0.50	440	1480	2451
-0.50	290	1441	2100
-0.50	840	1070	2180
-0.50	480	1450	2221
-0.50	910	1881	2181
-0.50	670	1071	2160
0.50	911	1610	2531
0.50	490	1210	2000
-0.50	640	1530	2310
0.50	420	1230	2580
0.50	711	1680	2161
0.50	580	1140	2360
-0.50	270	1260	2690
-0.50	280	1710	2710
0.50	780	1130	2430
-0.50	730	1900	2680
-0.50	960	1270	2900
-0.50	210	1770	2320
0.50	581	1100	2410
0.50	230	1851	2850
-0.50	150	1020	2990
-0.50	60	1854	2830
0.50	600	1470	2020
0.50	340	1500	2490
0.50	10	1050	2970
0.50	350	1451	2670
0.50	20	1300	2831
-0.50	291	1330	2660
0.50	170	1410	2980
0.50	470	1720	2750
-0.50	160	1301	2971
-0.50	300	1920	2981
-0.50	541	1950	2860
0.50	940	1420	2010
0.50	330	1151	2700
-0.50	870	1090	2240
0.50	250	1590	2581
0.50	310	1320	2390
0.50	430	1030	2210
-0.50	690	1190	2321
-0.50	740	1120	2370
-0.50	721	1161	2810
0.50	211	1661	2974
-0.50	871	1531	2840
0.50	830	1350	2780
-0.50	311	1430	2800
-0.50	281	1651	2851
0.50	610	1170	2920
0.50	930	1021	2760
-0.50	741	1360	2491
-0.50	190	1180	2991
0.50	370	1241	2940
-0.50	510	1620	2060
-0.50	260	1890	2070
0.50	271	1670	2101
-0.50	450	1840	2870
0.50	800	1431	2600
-0.50	671	1771	2071
0.50	620	1080	2560
0.50	284	1390	2311
0.50	790	1490	2241
0.50	70	1010	2701
0.50	550	1921	2110
0.50	400	1721	2661
-0.50	40	1380	2011
-0.50	520	1640	2080
-0.50	551	1654	2190
-0.50	171	1110	2314
0.50	371	1641	2640
0.50	130	1011	2610
-0.50	320	1831	2380
0.50	560	1790	2091
0.50	314	1310	2400
-0.50	31	1681	2200
-0.50	380	1951	2030
0.50	294	1780	2821
0.50	421	1040	2890
-0.50	161	1711	2280
0.50	860	1101	2790
-0.50	781	1280	2381
0.50	21	1870	2751
0.50	24	1000	2041
0.50	481	1690	2901
-0.50	80	1460	2770
-0.50	200	1510	2891
0.50	760	1560	2431
0.50	321	1550	2211
-0.50	630	1611	2740
0.50	214	1954	2711
0.50	297	1750	2074
-0.50	484	1691	2771
-0.50	451	1290	2391
0.50	454	1630	2960
0.50	317	1990	2094
-0.50	611	1740	2630
-0.50	724	1250	2741
-0.50	660	1271	2664
-0.50	890	1251	2031
0.50	457	1801	2754
0.50	674	1191	2050
-0.50	641	1841	2021
-0.50	100	1211	2411
-0.50	881	1664	2584
0.50	151	1194	2271
-0.50	801	1171	2484
0.50	570	1957	2420
-0.50	621	1331	2164
0.50	154	1751	2854
-0.50	274	1274	2460
0.50	761	1901	2811
-0.50	501	1520	2520
-0.50	381	1400	2550
0.50	544	1791	2001
-0.50	140	1551	2857
-0.50	770	1261	2590
0.50	287	1540	2714
-0.50	584	1781	2454
0.50	571	1471	2720
-0.50	11	1804	2691
0.50	631	1131	2330
-0.50	941	1214	2061
0.50	650	1621	2340
0.50	561	1991	2774
0.50	141	1910	2730
-0.50	970	1281	2930
-0.50	180	1051	2281
-0.50	201	1371	2167
0.50	51	1141	2510
-0.50	110	1994	2841
0.50	804	1340	2230
-0.50	810	1444	2170
0.50	700	1940	2171
-0.50	590	1601	2034
-0.50	511	1521	2231
0.50	34	1060	2081
-0.50	301	1760	2024
-0.50	460	1871	2434
0.50	601	1304	2150
0.50	791	1244	2681
0.50	990	1580	2401
0.50	861	1930	2521
-0.50	521	1024	2861
0.50	980	1891	2044
-0.50	157	1541	2880
0.50	681	1904	2027
0.50	731	1284	2744
0.50	504	1700	2331
0.50	461	1321	2260
-0.50	850	1544	2671
-0.50	71	1200	2921
0.50	514	1001	2641
-0.50	331	1154	2120
-0.50	471	1421	2350
-0.50	474	1091	2761
0.50	661	1094	2290
0.50	90	1081	2201
0.50	531	1884	2371
-0.50	914	1604	2511
-0.50	794	1524	2291
0.50	174	1911	2394
-0.50	410	1334	2111
0.50	917	1724	2461
-0.50	431	1820	2191
0.50	37	1970	2704
-0.50	204	1761	2961
0.50	144	1730	2904
0.50	554	1231	2051
0.50	664	1727	2194
-0.50	931	1234	2931
0.50	851	1931	2551
0.50	111	1764	2184
-0.50	831	1657	2500
-0.50	120	1554	2650
0.50	991	1014	2341
-0.50	701	1361	2151
0.50	564	1324	2554
-0.50	784	1111	2910
0.50	971	1307	2234
0.50	121	1454	2237
-0.50	934	1561	2651
0.50	841	1794	2501
0.50	604	1121	2361
0.50	651	1714	2140
0.50	891	1017	2950
-0.50	164	1364	2540
0.50	607	1527	2934
0.50	304	1501	2864
0.50	81	1741	2924
0.50	374	1424	2141
-0.50	390	1821	2871
-0.50	714	1547	2121
0.50	524	1631	2717
-0.50	684	1941	2721
-0.50	131	1391	2684
-0.50	771	1181	2781
0.50	1	1291	2104
0.50	441	1894	2487
0.50	834	1144	2977
0.50	351	1004	2301
-0.50	231	1667	2261
-0.50	134	1671	2644
0.50	341	1684	2534
0.50	557	1834	2004
-0.50	750	1971	2334
0.50	844	1960	2404
-0.50	751	1687	2911
0.50	54	1264	2294
-0.50	251	1754	2591
-0.50	894	1581	2541
0.50	57	1394	2791
0.50	811	1134	2801
-0.50	444	1220	2674
0.50	634	1824	2124
-0.50	344	1164	2631
-0.50	491	1914	2941
-0.50	994	1184	2951
0.50	814	1944	2374
0.50	61	1411	2224
-0.50	981	1027	2174
-0.50	734	1624	2204
-0.50	997	1294	2707
-0.50	181	1041	2464
-0.50	477	1084	2494
0.50	354	1557	2064
-0.50	137	1934	2274
-0.50	64	1491	2130
0.50	261	1674	2544
-0.50	434	1277	2144
0.50	101	1381	2587
0.50	207	1114	2421
-0.50	401	1341	2694
0.50	744	1474	2524
0.50	667	1481	2131
-0.50	527	1784	2570
-0.50	974	1074	2804
-0.50	874	1961	2537
0.50	961	1591	2557
-0.50	41	1607	2324
-0.50	884	1897	2844
0.50	964	1167	2731
0.50	574	1924	2747
-0.50	361	1351	2724
-0.50	547	1844	2097
-0.50	754	1997	2084
-0.50	644	1511	2087
-0.50	241	1627	2444
-0.50	254	1397	2620
-0.50	614	1731	2384
0.50	757	1734	2547
-0.50	764	1061	2954
-0.50	717	1117	2107
0.50	74	1044	2807
0.50	704	1861	2937
0.50	84	1570	2114
-0.50	184	1644	2514
0.50	187	1401	2907
0.50	820	1947	2437
-0.50	821	1374	2014
-0.50	104	1504	2517
0.50	91	1757	2047
-0.50	124	1571	2784
0.50	900	1857	2667
-0.50	687	1434	2214
0.50	424	1964	2594
0.50	534	1447	2824
0.50	67	1584	2250
0.50	817	1047	2984
0.50	114	1367	2154
-0.50	391	1594	2351
-0.50	264	1917	2847
0.50	244	1097	2927
-0.50	787	1614	2354
-0.50	517	1967	2634
-0.50	107	1701	2471
0.50	464	1077	2814
0.50	234	1634	2327
-0.50	364	1767	2227
0.50	167	1147	2697
0.50	824	1007	2244
-0.50	537	1221	2127
-0.50	624	1247	2794
-0.50	467	1864	2894
-0.50	447	1937	2504
-0.50	921	1254	2037
-0.50	864	1104	2197
0.50	220	1354	2621
0.50	411	1827	2474
-0.50	247	1774	2561
0.50	691	1744	2827
-0.50	427	1461	2344
0.50	14	1574	2424
-0.50	77	1484	2217
0.50	950	1197	2734
0.50	347	1457	2637
-0.50	654	1464	2571
-0.50	221	1487	2874
0.50	944	1087	2677
-0.50	937	1810	2654
-0.50	747	1437	2414
0.50	637	1157	2337
0.50	657	1377	2467
0.50	4	1927	2447
-0.50	44	1311	2897
0.50	367	1494	2647
-0.50	437	1384	2601
-0.50	47	1980	2881
0.50	177	1414	2877
0.50	224	1887	2284
0.50	191	1287	2964
-0.50	404	1427	2967
-0.50	984	1174	2317
0.50	591	1787	2117
0.50	17	1201	2347
0.50	384	1807	2527
0.50	227	1617	2477
0.50	334	1564	2054
0.50	967	1974	2757
-0.50	357	1314	2574
-0.50	324	1137	2604
-0.50	507	1031	2687
-0.50	887	1637	2427
0.50	924	1204	2994
0.50	27	1677	2134
-0.50	494	1907	2251
-0.50	847	1567	2737
-0.50	407	1874	2764
-0.50	394	1597	2207
0.50	587	1797	2397
0.50	774	1704	2287
-0.50	854	1124	2057
0.50	94	1404	2657
0.50	987	1497	2297
-0.50	97	1034	2914
0.50	901	1587	2884
-0.50	617	1187	2067
0.50	327	1534	2787
0.50	147	1647	2624
-0.50	594	1064	2407
-0.50	414	1207	2817
0.50	237	1977	2304
-0.50	87	1811	2264
-0.50	797	1577	2957
-0.50	277	1694	2417
-0.50	7	1417	2497
-0.50	777	1297	2307
-0.50	217	1107	2564
-0.50	487	1777	2007
-0.50	194	1707	2611
-0.50	677	1337	2364
0.50	951	1747	2767
0.50	867	1224	2597
-0.50	267	1847	2147
-0.50	767	1981	2254
-0.50	647	1737	2944
0.50	307	1317	2157
-0.50	567	1467	2187
0.50	127	1257	2077
-0.50	807	1507	2377
-0.50	397	1227	2727
-0.50	904	1067	2257
0.50	337	1717	2247
0.50	927	1814	2137
0.50	977	1984	2567
0.50	737	1987	2577
-0.50	387	1867	2267
-0.50	197	1537	2834
-0.50	694	1514	2387
0.50	577	1877	2987
0.50	727	1327	2837
-0.50	627	1344	2887
-0.50	827	1237	2917
0.50	897	1817	2627
0.50	947	1054	2357
-0.50	857	1407	2797
-0.50	497	1837	2507
0.50	257	1267	2277
-0.50	954	1477	2997
-0.50	597	1357	2947
-0.50	907	1387	2777
0.50	877	1057	2614
-0.50	697	1347	2457
-0.50	707	1217	2367
0.50	117	1037	2867
0.50	417	1127	2177
0.50	957	1697	2017
0.50	837	1517	2617
-0.50	377	1177	2607
